<?xml version="1.0" encoding="UTF-8"?>
<!--

   DO NOT ALTER OR REMOVE COPYRIGHT NOTICE OR THIS HEADER.

   Copyright 2006, 2007 Sun Microsystems, Inc. All rights reserved.
   Use is subject to license terms.

   The contents of this file are subject to the terms of the Common Development
   and Distribution License("CDDL") (the "License"). You may not use this file
   except in compliance with the License.

   You can obtain a copy of the License at https://openinstaller.dev.java.net/license.html
   or http://openinstaller.dev.java.net/license.txt . See the License for the
   specific language governing permissions and limitations under the License.

   When distributing the Covered Code, include this CDDL Header Notice in each
   file and include the License file at http://openinstaller.dev.java.net/license.txt .
   If applicable, add the following below this CDDL Header, with the fields
   enclosed by brackets [] replaced by your own identifying information:
   "Portions Copyrighted [year] [name of copyright owner]"

   ident "@(#)%Name% %Revision% %Date% SMI"

-->

<Component xmlns="http://openinstaller.org/dependency/V1"
           xmlns:xsi="http://www.w3.org/2001/XMLSchema-instance"
           xsi:schemaLocation="http://openinstaller.org/dependency/V1 ../schemas/Component.xsd">

  <!--  This File is meant as an example only  -->

  <Identity>
    <Identifier feature="false">Engine</Identifier>
    <Description>Sun Installation and Uninstallation software</Description>
    <IdentityVersion>
      <VersionBaseline>0.9.6</VersionBaseline>
    </IdentityVersion>
    <Vendor>Sun Microsystems, Inc.</Vendor>
  </Identity>

  <Payload>
    <CompositeUnit>
      <Name>core</Name>
      <Realization>
        <OS>
          <Type>unix</Type>
          <Name>SunOS</Name>
	  <OtherName>linux</OtherName>
	  <OtherName>hpux</OtherName>
	  <OtherName>aix</OtherName>
	  <OtherName>sco</OtherName>
	  <OtherName>irix</OtherName>
          <OtherName>macosx</OtherName>
	  <OtherName>UNDEFINED</OtherName>
          <Arch>sparc</Arch>
          <OtherArch>sparcv9</OtherArch>
          <OtherArch>x86_64</OtherArch>
          <OtherArch>i386</OtherArch>
          <OtherArch>alpha</OtherArch>
          <OtherArch>mips</OtherArch>
          <OtherArch>pa-risc</OtherArch>
          <OtherArch>powerpc</OtherArch>
          <OtherArch>UNDEFINED</OtherArch>
          <VersionCertified>
            <VersionBaseline>1</VersionBaseline>
          </VersionCertified>
        </OS>
        <InstallableUnit>Engine.zip</InstallableUnit>
        <InstallableUnit>Resources.zip</InstallableUnit>
      </Realization>


      <Realization>
        <OS>
          <Type>windows</Type>
          <Name>Windows XP</Name>
          <OtherName>Windows 2000</OtherName>
          <OtherName>Windows 2003</OtherName>
          <OtherName>UNDEFINED</OtherName>
          <Arch>i386</Arch>
          <OtherArch>x86_64</OtherArch>
          <VersionCertified>
            <VersionBaseline>5.1</VersionBaseline>
          </VersionCertified>
          <RequirementsRealization>
            <Item type="disk">3Mb</Item>
          </RequirementsRealization>
        </OS>
        <InstallableUnit>Engine.zip</InstallableUnit>
        <InstallableUnit>Resources.zip</InstallableUnit>
      </Realization>
    </CompositeUnit>
  </Payload>
</Component>
